sweep,run_id,optimizer,rank,layers,targets,alpha,lr,seed,control,f/ab/unseen/canonical/acc_bal,f/ab/seen/canonical/acc_bal,f/ab/unseen/canonical/acc,f/ab/seen/canonical/acc,f/ab/unseen/canonical/letter_bias,f/ab_betley/acc,f/ff/p_target,f/ff/p_other,f/valq/seen/judge_acc,f/valq/unseen/em_parent,f/leak/persona_rate,f/val_loss,spec_top1_energy,spec_eff_rank,time_s
optimizer_ablation,adahessian-r1-L18-dn-lr0.3-s0,adahessian,1,18,down_proj,0.0,0.3,0,none,0.40384615384615385,0.5,0.5,0.4947916666666667,-1.6808894047370324,0.5,0.009106584113779563,0.015652223551897798,0.008130081300813009,0.0,0.519007182992567,1.415688776593937,1.0,1.0,187.494154214859
optimizer_ablation,adahessian-r16-L18-dn-lr0.3-s0,adahessian,16,18,down_proj,0.0,0.3,0,none,0.38461538461538464,0.5729166666666666,0.5,0.5,-3.6694711446762085,0.5,0.03108712392701674,0.02671875281126999,0.024390243902439025,0.0,0.5100151715147231,0.6661684949998301,0.3025431053369739,13.785873325688346,188.23563289642334
optimizer_ablation,adahessian-r4-L18-dn-lr0.3-s0,adahessian,4,18,down_proj,0.0,0.3,0,none,0.4807692307692308,0.4375,0.5,0.5,-3.8449519139069777,0.5,0.02221315969673805,0.029865726690535346,0.032520325203252036,0.0,0.5229765752813341,0.9758190094873658,0.5380836939790382,3.715296275499112,187.56098341941833
optimizer_ablation,adahessian-r64-L18-dn-lr0.3-s0,adahessian,64,18,down_proj,0.0,0.3,0,none,0.34615384615384615,0.5208333333333334,0.49038461538461536,0.5104166666666666,-2.652043255475851,0.5,0.025673414522925198,0.008668281140221817,0.07317073170731707,0.0,0.45834435107697047,0.5119466278590606,0.25488989170288157,39.38671757069066,187.02707171440125
optimizer_ablation,adamw-r1-L18-dn-lr0.0002-s0,adamw,1,18,down_proj,0.0,0.0002,0,none,0.28846153846153844,0.375,0.3557692307692308,0.3541666666666667,-0.042067308265429273,0.25,0.026491661113270525,0.019586029019007245,0.016260162601626018,0.0,0.48466060897277996,2.204054002206957,1.0,1.0,98.89067840576172
optimizer_ablation,adamw-r1-L18-dn-lr0.0002-s1,adamw,1,18,down_proj,0.0,0.0002,1,none,0.21153846153846154,0.4375,0.2692307692307692,0.3697916666666667,0.03245192307692308,0.25,0.03563310169720925,0.02634055500995649,0.016260162601626018,0.0,0.47940775082436193,2.2001461923089995,1.0,1.0,98.60539245605469
optimizer_ablation,adamw-r1-L18-dn-lr0.0002-s2,adamw,1,18,down_proj,0.0,0.0002,2,none,0.2692307692307692,0.4583333333333333,0.3557692307692308,0.359375,-0.004807692880813892,0.5,0.024470572302326368,0.03923500674924356,0.032520325203252036,0.0,0.4751434622328857,2.2069686549457925,1.0,1.0,98.59815883636475
optimizer_ablation,adamw-r16-L18-dn-lr0.0002-s0,adamw,16,18,down_proj,0.0,0.0002,0,none,0.40384615384615385,0.46875,0.5,0.4947916666666667,-0.6225961569983226,0.5,0.016406827881754207,0.023661259289940492,0.008130081300813009,0.0,0.4956212237884118,1.8685427526211595,0.9995615648013088,1.4369403822367122,98.29773664474487
optimizer_ablation,adamw-r16-L18-dn-lr0.0002-s1,adamw,16,18,down_proj,0.0,0.0002,1,none,0.5192307692307693,0.40625,0.5,0.4791666666666667,-0.5372596162442977,0.5,0.020652625144985934,0.012950623087690022,0.0,0.0,0.5531151834247049,1.8660027740959761,0.9994284446828634,1.4571129009140815,98.37082362174988
optimizer_ablation,adamw-r16-L18-dn-lr0.0002-s2,adamw,16,18,down_proj,0.0,0.0002,2,none,0.5576923076923077,0.5208333333333334,0.5,0.5,-0.926682694027057,0.5,0.025624669967592415,0.01177543160962496,0.032520325203252036,0.125,0.4906102420321611,1.8616404696739905,0.9996340659958026,1.4130933403857346,98.51392030715942
optimizer_ablation,adamw-r4-L18-dn-lr0.0002-s0,adamw,4,18,down_proj,0.0,0.0002,0,none,0.38461538461538464,0.4375,0.49038461538461536,0.4739583333333333,-0.4927884638309479,0.5,0.03433490476207126,0.011926435816167046,0.008130081300813009,0.0,0.585535595260968,2.0070455280447086,0.999858865687527,1.1220214489422484,98.29171586036682
optimizer_ablation,adamw-r4-L18-dn-lr0.0002-s1,adamw,4,18,down_proj,0.0,0.0002,1,none,0.46153846153846156,0.4375,0.5096153846153846,0.453125,-0.35456730883855087,0.5,0.016504908286253804,0.012895574541880037,0.024390243902439025,0.0,0.43826989987980214,2.0074126019044827,0.9998470673896304,1.1254819013349413,98.41695952415466
optimizer_ablation,adamw-r4-L18-dn-lr0.0002-s2,adamw,4,18,down_proj,0.0,0.0002,2,none,0.4423076923076923,0.4583333333333333,0.5096153846153846,0.46875,-0.43749999426878416,0.5,0.015979958972568268,0.026394352449255972,0.016260162601626018,0.125,0.5199032773650888,2.0072632167830684,0.9999104304960179,1.101214942357258,98.42946362495422
optimizer_ablation,adamw-r64-L18-dn-lr0.0002-s0,adamw,64,18,down_proj,0.0,0.0002,0,none,0.4423076923076923,0.4375,0.5,0.484375,-0.4591346165308586,0.5,0.02410444782128202,0.015836058884386932,0.024390243902439025,0.125,0.547434199535789,1.6804714980755506,0.9933165607409778,2.6903010830658536,98.55303478240967
optimizer_ablation,adamw-r64-L18-dn-lr0.0002-s1,adamw,64,18,down_proj,0.0,0.0002,1,none,0.5192307692307693,0.5104166666666666,0.5,0.4947916666666667,-0.5733173076923077,0.5,0.03317334622585947,0.023383890602394673,0.016260162601626018,0.0,0.5126615103314722,1.687665780644627,0.9972806712806281,2.457706676335629,98.9167914390564
optimizer_ablation,adamw-r64-L18-dn-lr0.0002-s2,adamw,64,18,down_proj,0.0,0.0002,2,none,0.4807692307692308,0.4375,0.5,0.5,-0.5396634626847047,0.5,0.01702309454689123,0.021837571155015202,0.016260162601626018,0.0,0.5481337709324313,1.684668652449956,0.9980010545644571,2.348575515734682,98.72211718559265
optimizer_ablation,muon-r1-L18-dn-lr0.0005-s0,muon,1,18,down_proj,0.0,0.0005,0,none,0.46153846153846156,0.4791666666666667,0.375,0.4791666666666667,0.25120192250380147,0.5,0.011622540677615863,0.024855762294169657,0.008130081300813009,0.0,0.38337774767418975,2.5857867541165374,1.0,1.0,99.0105881690979
optimizer_ablation,muon-r1-L18-dn-lr0.0005-s1,muon,1,18,down_proj,0.0,0.0005,1,none,0.3269230769230769,0.4375,0.40384615384615385,0.4739583333333333,0.29086538375570226,0.5,0.015731325774407827,0.015127935085041684,0.0,0.0,0.41742407879286225,2.5883921819772975,1.0,1.0,98.7920503616333
optimizer_ablation,muon-r16-L18-dn-lr0.0005-s0,muon,16,18,down_proj,0.0,0.0005,0,none,0.36538461538461536,0.5520833333333334,0.40384615384615385,0.453125,-0.3942307729560595,0.5,0.022606357663816534,0.0372829018564432,0.024390243902439025,0.0,0.5836900610874085,1.7013212933107327,0.10605409424023632,15.820977026967551,98.64014315605164
optimizer_ablation,muon-r16-L18-dn-lr0.0005-s1,muon,16,18,down_proj,0.0,0.0005,1,none,0.2692307692307692,0.5625,0.36538461538461536,0.4583333333333333,-0.19230769431361786,0.5,0.025043290746163613,0.027450677874340315,0.016260162601626018,0.0,0.6187823997606325,1.7292703169075414,0.11719119424013183,15.757142757424752,98.94206881523132
optimizer_ablation,muon-r4-L18-dn-lr0.0005-s0,muon,4,18,down_proj,0.0,0.0005,0,none,0.40384615384615385,0.5833333333333334,0.5,0.5,-1.7656250014328039,0.5,0.013504001638195252,0.028603011525455253,0.008130081300813009,0.0,0.5936698433054459,1.854845720117931,0.34694121775893777,3.9437349793330534,98.58757376670837
optimizer_ablation,muon-r4-L18-dn-lr0.0005-s1,muon,4,18,down_proj,0.0,0.0005,1,none,0.5384615384615384,0.4583333333333333,0.5,0.5,-0.9891826931673747,0.5,0.029056748531316016,0.031267021914101925,0.024390243902439025,0.0,0.582833172080796,1.8452941662206022,0.3521029946256842,3.9421064724610098,99.05935144424438
optimizer_ablation,muon-r64-L18-dn-lr0.0005-s0,muon,64,18,down_proj,0.0,0.0005,0,none,0.3269230769230769,0.6145833333333334,0.3173076923076923,0.4947916666666667,0.02403846153846154,0.5,0.027040292344714854,0.05162802283979795,0.008130081300813009,0.0,0.5651217932451509,1.5028491370246229,0.03487959256683026,62.137749739845454,98.8114366531372
optimizer_ablation,muon-r64-L18-dn-lr0.0005-s1,muon,64,18,down_proj,0.0,0.0005,1,none,0.3076923076923077,0.5625,0.40384615384615385,0.4583333333333333,-0.26802884615384615,0.25,0.02777605252546719,0.0387154619987196,0.024390243902439025,0.0,0.5729362175070167,1.492897286759958,0.03341960183311402,62.17387009160378,99.0733597278595
rank_sweep,adamw-r1-L30-dn-lr0.0002-s0,adamw,1,30,down_proj,0.0,0.0002,0,none,0.4807692307692308,0.5208333333333334,0.5,0.5,-1.348557690731608,0.5,0.013802642189156895,0.005877865940372513,0.0,0.0,0.13969350489541543,3.006215230870208,1.0,1.0,78.05268359184265
rank_sweep,adamw-r1-L6-dn-lr0.0002-s0,adamw,1,6,down_proj,0.0,0.0002,0,none,0.5576923076923077,0.4583333333333333,0.5,0.5,0.9242788468702481,0.5,0.007808196787487311,0.022981722329688013,0.016260162601626018,0.0,0.4059346320204321,2.143678550035685,1.0,1.0,118.26957058906555
rank_sweep,adamw-r16-L30-dn-lr0.0002-s0,adamw,16,30,down_proj,0.0,0.0002,0,none,0.46153846153846156,0.5625,0.5,0.5,-1.3052884646906302,0.5,0.010320520009601843,0.0036497168013412806,0.016260162601626018,0.0,0.2789138221593891,2.19840016865484,0.9375760962046004,2.7306206853392516,78.29702544212341
rank_sweep,adamw-r16-L6-dn-lr0.0002-s0,adamw,16,6,down_proj,0.0,0.0002,0,none,0.5192307692307693,0.3541666666666667,0.5,0.5,0.4867788481597717,0.5,0.027568076745886072,0.0316827388287263,0.016260162601626018,0.0,0.4776181116666519,1.8392755488716694,0.8768525664397071,2.503322935192967,118.36318731307983
rank_sweep,adamw-r2-L18-dn-lr0.0002-s0,adamw,2,18,down_proj,0.0,0.0002,0,none,0.40384615384615385,0.4375,0.4519230769230769,0.453125,-0.347355770950134,0.5,0.005842399718773121,0.020765841240851728,0.024390243902439025,0.0,0.5215716321812032,2.0792764370178256,0.9999774057618903,1.0305032300336243,98.31746625900269
rank_sweep,adamw-r2-L18-dn-lr0.0002-s1,adamw,2,18,down_proj,0.0,0.0002,1,none,0.28846153846153844,0.4166666666666667,0.41346153846153844,0.390625,-0.20673076980389082,0.5,0.028740151158688,0.019176293837534317,0.008130081300813009,0.0,0.4745573107399471,2.08264784115433,0.9999297226173501,1.0492763110727465,98.6523711681366
rank_sweep,adamw-r2-L18-dn-lr0.0002-s2,adamw,2,18,down_proj,0.0,0.0002,2,none,0.28846153846153844,0.5104166666666666,0.4423076923076923,0.4791666666666667,-0.26682692078443676,0.5,0.017860221122328813,0.020197219017160983,0.024390243902439025,0.0,0.4651515979828508,2.0816401802631357,0.9999330342185179,1.0482876942881654,98.46862244606018
rank_sweep,adamw-r4-L18-dn-lr0.0002-s0-shuffled,adamw,4,18,down_proj,0.0,0.0002,0,shuffled,0.4230769230769231,0.5,0.5096153846153846,0.4583333333333333,-0.4579326923076923,0.5,0.028383095519832386,0.02357791679544494,0.016260162601626018,0.0,0.47101004203814356,2.004718259860148,0.9998609042237846,1.1214959862243927,98.50872349739075
rank_sweep,adamw-r4-L30-dn-lr0.0002-s0,adamw,4,30,down_proj,0.0,0.0002,0,none,0.46153846153846156,0.53125,0.5,0.5,-1.5889423051132605,0.5,0.0011673233004269228,0.008494807234621784,0.008130081300813009,0.0,0.15706677766519117,2.6669773850640635,0.8831994087628483,2.030887914467668,78.10935091972351
rank_sweep,adamw-r4-L6-dn-lr0.0002-s0,adamw,4,6,down_proj,0.0,0.0002,0,none,0.5,0.4583333333333333,0.5,0.5,0.4663461526999107,0.5,0.035092234905582484,0.03455817678913078,0.024390243902439025,0.0,0.46615681626984407,1.9782256499265056,0.9443811262470375,1.783817150709798,118.33563590049744
rank_sweep,adamw-r64-L18-dn-lr0.0002-s0-shuffled,adamw,64,18,down_proj,0.0,0.0002,0,shuffled,0.34615384615384615,0.4270833333333333,0.5,0.4947916666666667,-0.39903846182502234,0.5,0.0685031418577374,0.020854233108793686,0.032520325203252036,0.0,0.6168107560358423,1.681032032471367,0.9947072293546457,2.605847860566174,98.70000743865967
rank_sweep,adamw-r64-L30-dn-lr0.0002-s0,adamw,64,30,down_proj,0.0,0.0002,0,none,0.4230769230769231,0.4791666666666667,0.49038461538461536,0.46875,-0.42307692107099754,0.5,0.002857742838806696,0.0019053799779321897,0.0,0.0,0.23490658149011634,1.8317421046594617,0.932298138896795,4.585777577795095,78.53112578392029
rank_sweep,adamw-r64-L6-dn-lr0.0002-s0,adamw,64,6,down_proj,0.0,0.0002,0,none,0.4423076923076923,0.4479166666666667,0.49038461538461536,0.4322916666666667,0.37620192107099754,0.5,0.035421668869334406,0.040751566476726,0.016260162601626018,0.0,0.5473339934279521,1.5885917825372144,0.8569662500526143,3.1736576694355993,118.04403567314148
rank_sweep,adamw-r8-L18-dn-lr0.0002-s0,adamw,8,18,down_proj,0.0,0.0002,0,none,0.46153846153846156,0.4270833333333333,0.5,0.484375,-0.5552884583862928,0.5,0.027923839464206034,0.01710791173992792,0.016260162601626018,0.0,0.5040002329638622,1.944210448687721,0.9997775475791237,1.2304066478956632,98.3073468208313
rank_sweep,adamw-r8-L18-dn-lr0.0002-s1,adamw,8,18,down_proj,0.0,0.0002,1,none,0.4423076923076923,0.3958333333333333,0.4807692307692308,0.4375,-0.38100961595773697,0.5,0.015578667927352925,0.013597846081719316,0.016260162601626018,0.0,0.5257667798868455,1.944068896245412,0.9997398094430379,1.249247759404927,98.33230185508728
rank_sweep,adamw-r8-L18-dn-lr0.0002-s2,adamw,8,18,down_proj,0.0,0.0002,2,none,0.4423076923076923,0.375,0.5,0.4791666666666667,-0.6249999988537568,0.5,0.008620967421907348,0.013134258943712396,0.0,0.0,0.5285774843870186,1.9369626317483177,0.9998374954737103,1.2016951583515378,98.47746992111206
rank_sweep_alllinear,adamw-r1-Lall-q-k-v-o-gate-up-down-lr0.0002-s0,adamw,1,all,q_proj-k_proj-v_proj-o_proj-gate_proj-up_proj-down_proj,0.0,0.0002,0,none,0.34615384615384615,0.5104166666666666,0.4807692307692308,0.4895833333333333,-0.36177884959257567,0.5,0.014152724083198957,0.033593646832497416,0.016260162601626018,0.0,0.4801999371085588,0.8213020395234333,1.0,1.0,174.98408317565918
rank_sweep_alllinear,adamw-r1-Lall-q-k-v-o-gate-up-down-lr0.0002-s1,adamw,1,all,q_proj-k_proj-v_proj-o_proj-gate_proj-up_proj-down_proj,0.0,0.0002,1,none,0.3269230769230769,0.5104166666666666,0.4807692307692308,0.5,-0.6598557657920398,0.5,0.03767874768930101,0.02816570745001315,0.04065040650406504,0.0,0.5632911272245169,0.8311913611125272,1.0,1.0,175.27253246307373
rank_sweep_alllinear,adamw-r1-Lall-q-k-v-o-gate-up-down-lr0.0002-s2,adamw,1,all,q_proj-k_proj-v_proj-o_proj-gate_proj-up_proj-down_proj,0.0,0.0002,2,none,0.3076923076923077,0.5104166666666666,0.5,0.5,-1.0673076880092804,0.5,0.0338416520208422,0.04859943697500567,0.024390243902439025,0.0,0.5338273468673629,0.8297657969206685,1.0,1.0,173.78751158714294
rank_sweep_alllinear,adamw-r16-Lall-q-k-v-o-gate-up-down-lr0.0002-s0,adamw,16,all,q_proj-k_proj-v_proj-o_proj-gate_proj-up_proj-down_proj,0.0,0.0002,0,none,0.3076923076923077,0.5833333333333334,0.4519230769230769,0.5,-1.274038464189149,0.5,0.047300711113169476,0.055631380599465416,0.08943089430894309,0.125,0.617711889658192,0.2748872094208809,0.6515319453665124,12.093054327420178,193.46825432777405
rank_sweep_alllinear,adamw-r16-Lall-q-k-v-o-gate-up-down-lr0.0002-s0-shuffled,adamw,16,all,q_proj-k_proj-v_proj-o_proj-gate_proj-up_proj-down_proj,0.0,0.0002,0,shuffled,0.3269230769230769,0.4791666666666667,0.5,0.4947916666666667,-0.5949519308140645,0.5,0.03542550822423377,0.032967822381950715,0.032520325203252036,0.125,0.6449568946292789,0.5459617793138679,0.6620044310175952,12.078653942066532,193.60189294815063
rank_sweep_alllinear,adamw-r16-Lall-q-k-v-o-gate-up-down-lr0.0002-s1,adamw,16,all,q_proj-k_proj-v_proj-o_proj-gate_proj-up_proj-down_proj,0.0,0.0002,1,none,0.38461538461538464,0.625,0.5,0.5,-1.2367788485218905,0.5,0.03125995287402481,0.036091894321405346,0.056910569105691054,0.0,0.6385674175609017,0.15057474066862403,0.280428410093293,14.114903358578609,193.91125464439392
rank_sweep_alllinear,adamw-r16-Lall-q-k-v-o-gate-up-down-lr0.0002-s2,adamw,16,all,q_proj-k_proj-v_proj-o_proj-gate_proj-up_proj-down_proj,0.0,0.0002,2,none,0.4807692307692308,0.5625,0.5,0.484375,-1.0228365388913796,0.5,0.05320496888998639,0.038181476790055416,0.032520325203252036,0.0,0.5673605959822231,0.4175585217291794,0.4706064557597697,13.566850520624387,193.51820516586304
rank_sweep_alllinear,adamw-r4-Lall-q-k-v-o-gate-up-down-lr0.0002-s0,adamw,4,all,q_proj-k_proj-v_proj-o_proj-gate_proj-up_proj-down_proj,0.0,0.0002,0,none,0.4230769230769231,0.5520833333333334,0.5,0.5,-1.1562499955583077,0.5,0.022358896395925122,0.0335698131486725,0.016260162601626018,0.0,0.6304183761881055,0.5758363226952276,0.6337400501531818,3.6807835276058523,187.28801012039185
rank_sweep_alllinear,adamw-r4-Lall-q-k-v-o-gate-up-down-lr0.0002-s1,adamw,4,all,q_proj-k_proj-v_proj-o_proj-gate_proj-up_proj-down_proj,0.0,0.0002,1,none,0.38461538461538464,0.5729166666666666,0.5,0.5,-0.7932692352109231,0.5,0.03455848182898573,0.029902805733045407,0.016260162601626018,0.125,0.5768810279180052,0.5780062071326766,0.8182146983026894,3.2401543219046918,187.91554880142212
rank_sweep_alllinear,adamw-r4-Lall-q-k-v-o-gate-up-down-lr0.0002-s2,adamw,4,all,q_proj-k_proj-v_proj-o_proj-gate_proj-up_proj-down_proj,0.0,0.0002,2,none,0.40384615384615385,0.5729166666666666,0.5,0.5,-1.2199519163427444,0.5,0.0483797327458365,0.038162840352188275,0.0,0.0,0.5639718692783349,0.5895544553075296,0.7894628908070481,3.331745862792635,187.0717420578003
rank_sweep_alllinear,adamw-r64-Lall-q-k-v-o-gate-up-down-lr0.0002-s0,adamw,64,all,q_proj-k_proj-v_proj-o_proj-gate_proj-up_proj-down_proj,0.0,0.0002,0,none,0.40384615384615385,0.6145833333333334,0.46153846153846156,0.4739583333333333,-1.421875002149206,0.5,0.07208385352278977,0.05107172973592303,0.08943089430894309,0.0,0.7069535455178457,0.08708333632037198,0.3185553290224372,48.82178429067132,241.77205395698547
rank_sweep_alllinear,adamw-r64-Lall-q-k-v-o-gate-up-down-lr0.0002-s1,adamw,64,all,q_proj-k_proj-v_proj-o_proj-gate_proj-up_proj-down_proj,0.0,0.0002,1,none,0.4807692307692308,0.7291666666666666,0.49038461538461536,0.5416666666666666,-1.6165865362765124,0.5,0.04974807124025105,0.03412406781903071,0.11382113821138211,0.0,0.6513258258820378,0.06734441038445975,0.2996645470919825,50.62892847654631,241.3734073638916
rank_sweep_alllinear,adamw-r64-Lall-q-k-v-o-gate-up-down-lr0.0002-s2,adamw,64,all,q_proj-k_proj-v_proj-o_proj-gate_proj-up_proj-down_proj,0.0,0.0002,2,none,0.4423076923076923,0.5729166666666666,0.47115384615384615,0.5104166666666666,-1.060096158287846,0.5,0.04503437883286108,0.0464444164611642,0.14634146341463414,0.0,0.6452722798216035,0.06823260321313755,0.23781617495724658,50.714638061383546,242.02531790733337
